cell,celltype_final,celltype_final_short,soma_x_um,soma_y_um,soma_z_um,soma_annot_x_um,soma_annot_y_um,soma_annot_z_um
720575940564091521,F-mini-OFF,FmOff,960.218,555.038,-15.3323,962.88,550.608,18.84
720575940568967762,F-mini-OFF,FmOff,964.636,398.88,-14.4473,962.8,395.696,40.32
720575940568909174,F-mini-OFF,FmOff,606.897,344.556,-16.2727,605.488,340.4,29.88
720575940559117405,F-mini-OFF,FmOff,865.748,619.785,-12.3404,865.04,617.52,22.12
720575940580061621,F-mini-OFF,FmOff,576.816,449.124,-12.0666,577.2,444.16,18.52
720575940568661514,F-mini-OFF,FmOff,967.047,738.946,-12.9977,965.984,738.0,19.32
720575940568547661,F-mini-OFF,FmOff,265.342,771.932,-13.2982,260.08,769.536,11.24
720575940568512406,F-mini-OFF,FmOff,96.1966,558.75,-16.4174,92.512,554.736,46.24
720575940568477262,F-mini-OFF,FmOff,874.175,377.504,-13.5617,874.368,373.232,33.44
720575940568447053,F-mini-OFF,FmOff,549.591,783.199,-14.6934,547.392,778.912,15.44
720575940559848547,F-mini-OFF,FmOff,376.251,351.981,-16.5667,372.496,348.224,25.48
720575940559858321,F-mini-OFF,FmOff,843.319,713.456,-14.5691,840.608,708.448,22.12
720575940569026894,F-mini-OFF,FmOff,508.327,954.325,-12.2517,503.056,953.904,22.56
720575940559902813,F-mini-OFF,FmOff,123.271,593.848,-18.2302,120.864,590.56,34.0
720575940560013445,F-mini-OFF,FmOff,435.357,529.806,-14.7554,433.808,529.632,13.52
720575940568424689,F-mini-OFF,FmOff,984.599,479.963,-13.0357,984.384,473.264,28.28
720575940560206939,F-mini-OFF,FmOff,403.683,409.607,-14.9111,400.0,403.296,19.36
720575940560209499,F-mini-OFF,FmOff,652.802,718.717,-14.7753,647.536,718.192,17.12
720575940560466353,F-mini-OFF,FmOff,683.961,927.53,-12.9713,682.432,925.088,17.6
720575940568304269,F-mini-OFF,FmOff,629.175,489.929,-15.9117,630.64,485.504,19.08
720575940568231796,F-mini-OFF,FmOff,680.072,481.634,-14.5047,681.232,481.808,24.96
720575940568225677,F-mini-OFF,FmOff,636.363,970.122,-11.9452,634.352,967.648,19.8
720575940568218774,F-mini-OFF,FmOff,670.566,857.298,-13.5663,667.936,854.384,16.16
720575940560894748,F-mini-OFF,FmOff,859.576,964.592,-12.8398,858.368,962.368,21.0
720575940560927267,F-mini-OFF,FmOff,748.212,660.943,-13.7229,747.376,656.928,24.32
720575940559912547,F-mini-OFF,FmOff,853.748,513.986,-12.1387,853.44,508.384,24.28
720575940558554328,F-mini-OFF,FmOff,822.561,993.46,-12.7791,820.736,988.0,18.04
720575940558498618,F-mini-OFF,FmOff,943.197,819.394,-14.3933,942.128,817.248,23.64
720575940558494680,F-mini-OFF,FmOff,808.944,740.05,-13.9832,808.896,737.712,22.4
720575940556826614,F-mini-OFF,FmOff,780.682,576.744,-14.3762,778.864,573.12,24.72
720575940570719513,F-mini-OFF,FmOff,334.165,306.405,-16.6955,332.448,297.92,38.96
720575940556909059,F-mini-OFF,FmOff,770.125,360.698,-14.3306,769.488,357.248,37.72
720575940570615659,F-mini-OFF,FmOff,896.551,1015.53,-14.2077,893.664,1010.88,23.16
720575940557085699,F-mini-OFF,FmOff,373.594,709.162,-16.6213,371.072,705.824,11.56
720575940557215330,F-mini-OFF,FmOff,688.227,654.062,-12.8954,687.136,654.8,19.52
720575940557252146,F-mini-OFF,FmOff,1016.12,943.015,-13.0796,1014.432,938.88,24.92
720575940570359361,F-mini-OFF,FmOff,315.285,795.624,-18.3723,311.184,794.96,5.96
720575940570302120,F-mini-OFF,FmOff,939.722,944.972,-12.3175,935.328,942.816,22.0
720575940570283829,F-mini-OFF,FmOff,711.67,499.964,-15.1848,710.8,496.72,25.48
720575940579234761,F-mini-OFF,FmOff,288.825,328.996,-16.7849,286.512,330.144,35.84
720575940579995024,F-mini-OFF,FmOff,95.1937,883.761,-13.7439,92.336,882.432,45.52
720575940557604824,F-mini-OFF,FmOff,603.712,553.87,-13.6472,601.696,546.272,18.4
720575940557620551,F-mini-OFF,FmOff,556.826,1088.11,-13.2018,555.904,1088.336,26.2
720575940569645224,F-mini-OFF,FmOff,1003.49,780.471,-11.2379,1005.072,777.344,23.76
720575940564417693,F-mini-OFF,FmOff,484.784,613.374,-14.538,483.472,610.736,18.16
720575940569445488,F-mini-OFF,FmOff,115.828,429.011,-20.6852,112.256,425.696,58.76
720575940557861500,F-mini-OFF,FmOff,600.003,804.084,-14.1099,597.984,801.84,18.4
720575940569194436,F-mini-OFF,FmOff,641.658,388.521,-14.7562,640.496,384.016,26.48
720575940569188430,F-mini-OFF,FmOff,164.44,906.787,-15.6674,160.688,904.08,33.72
720575940583231355,F-mini-OFF,FmOff,472.272,673.319,-13.363,468.48,669.84,16.48
720575940558160455,F-mini-OFF,FmOff,735.01,716.598,-12.5575,729.584,714.48,19.72
720575940569104210,F-mini-OFF,FmOff,998.84,558.83,-11.4881,997.456,556.624,22.24
720575940558209316,F-mini-OFF,FmOff,308.212,833.303,-15.0693,304.272,829.808,9.44
720575940558331608,F-mini-OFF,FmOff,202.838,434.846,-15.2068,199.072,423.696,37.92
720575940561011548,F-mini-OFF,FmOff,457.334,244.508,-16.2836,454.512,239.632,41.2
720575940561017829,F-mini-OFF,FmOff,982.949,441.816,-14.8539,986.16,440.08,29.04
720575940561236622,F-mini-OFF,FmOff,261.082,474.201,-12.7164,253.824,466.736,21.64
720575940561362137,F-mini-OFF,FmOff,229.992,821.972,-12.3838,224.4,819.728,19.2
720575940563267355,F-mini-OFF,FmOff,581.656,276.203,-17.2177,580.176,272.128,38.88
720575940563327390,F-mini-OFF,FmOff,494.106,715.686,-15.3357,491.04,709.92,9.96
720575940563434523,F-mini-OFF,FmOff,716.925,349.481,-16.8432,717.024,346.96,36.8
720575940566129840,F-mini-OFF,FmOff,100.645,643.643,-15.3636,100.08,640.832,39.0
720575940566089633,F-mini-OFF,FmOff,221.876,857.367,-13.1444,221.2,856.736,15.24
720575940581415576,F-mini-OFF,FmOff,593.155,615.41,-13.483,591.392,610.784,12.8
720575940563604353,F-mini-OFF,FmOff,413.351,579.213,-14.5226,411.504,577.008,12.72
720575940563610605,F-mini-OFF,FmOff,316.611,562.551,-17.1007,311.952,558.544,14.8
720575940580595577,F-mini-OFF,FmOff,233.093,370.151,-16.5561,229.328,366.608,41.96
720575940565988079,F-mini-OFF,FmOff,158.035,942.746,-16.0758,153.648,944.832,34.96
720575940563685477,F-mini-OFF,FmOff,796.014,449.738,-12.7385,795.52,446.304,32.48
720575940563693281,F-mini-OFF,FmOff,318.699,660.478,-15.1868,312.896,655.024,10.08
720575940565621789,F-mini-OFF,FmOff,415.568,271.979,-13.4251,413.168,264.928,44.36
720575940565394205,F-mini-OFF,FmOff,472.384,388.921,7.97946,530.96,349.952,72.72
720575940565326580,F-mini-OFF,FmOff,244.846,579.938,-14.7659,237.936,575.2,14.88
720575940565142692,F-mini-OFF,FmOff,358.851,652.246,-14.8155,354.304,647.888,11.88
720575940565080815,F-mini-OFF,FmOff,784.909,272.993,-14.5283,783.296,270.56,41.84
720575940564001105,F-mini-OFF,FmOff,702.266,761.005,-13.7071,701.264,757.12,20.08
720575940565079938,F-mini-OFF,FmOff,176.482,757.509,-15.5923,174.848,759.744,16.96
720575940580762520,F-mini-OFF,FmOff,868.631,708.372,-11.9869,868.08,708.0,20.88
720575940564051537,F-mini-OFF,FmOff,880.246,534.963,-13.2989,879.872,532.208,22.84
720575940564986276,F-mini-OFF,FmOff,680.608,280.892,-15.699,680.144,277.6,43.56
720575940564167195,F-mini-OFF,FmOff,917.728,676.593,-12.0246,916.576,672.848,21.28
720575940564724253,F-mini-OFF,FmOff,843.196,337.133,-12.8824,841.392,331.952,40.08
720575940564680941,F-mini-OFF,FmOff,744.562,994.113,-13.8032,741.888,993.424,19.12
720575940563115560,F-mini-OFF,FmOff,737.175,590.95,-13.6839,734.976,587.92,23.88
720575940556807751,F-mini-OFF,FmOff,212.54,723.934,-14.5421,210.448,718.976,13.24
720575940581506942,F-mini-OFF,FmOff,366.729,942.486,-14.081,364.608,943.536,17.48
720575940580372849,F-mini-OFF,FmOff,999.79,722.86,-12.7323,999.952,720.512,20.56
720575940567857516,F-mini-OFF,FmOff,460.771,942.478,-16.2577,458.816,941.6,9.08
720575940561485291,F-mini-OFF,FmOff,546.311,413.127,-15.575,545.088,407.44,17.64
720575940561557733,F-mini-OFF,FmOff,618.093,1015.06,-15.1829,614.528,1011.632,22.24
720575940580267189,F-mini-OFF,FmOff,467.17,801.477,-16.2853,464.72,799.984,13.0
720575940582771262,F-mini-OFF,FmOff,520.364,354.383,-13.4791,514.944,347.264,22.8
720575940567705562,F-mini-OFF,FmOff,525.048,515.413,-21.4245,519.056,511.648,8.96
720575940567688181,F-mini-OFF,FmOff,517.429,1069.32,-14.0141,516.176,1066.64,30.88
720575940561745322,F-mini-OFF,FmOff,308.775,611.472,-17.6244,303.472,607.776,14.36
720575940567502770,F-mini-OFF,FmOff,623.554,282.406,-15.662,622.48,278.096,38.92
720575940561895653,F-mini-OFF,FmOff,170.562,428.107,-17.6706,166.832,425.536,48.4
720575940582416254,F-mini-OFF,FmOff,967.139,671.033,-12.7178,966.736,668.624,22.12
720575940562180940,F-mini-OFF,FmOff,830.113,779.92,-13.4757,829.408,783.216,15.72
720575940567399606,F-mini-OFF,FmOff,924.253,372.209,-12.2,926.992,364.544,36.36
720575940562236318,F-mini-OFF,FmOff,946.619,780.161,-12.299,942.48,774.752,19.64
720575940567149574,F-mini-OFF,FmOff,175.628,823.629,-12.8728,171.36,822.592,25.4
720575940582275902,F-mini-OFF,FmOff,654.267,818.004,-14.1671,651.104,818.336,10.76
720575940567126028,F-mini-OFF,FmOff,717.45,545.958,-11.959,716.096,542.672,24.84
720575940562608045,F-mini-OFF,FmOff,795.247,842.144,-12.5753,793.472,838.224,20.68
720575940567027930,F-mini-OFF,FmOff,214.071,527.649,-13.8449,209.872,524.784,25.4
720575940580306297,F-mini-OFF,FmOff,226.043,654.451,-12.3906,218.128,651.136,18.8
720575940562771966,F-mini-OFF,FmOff,619.166,439.015,-14.3921,620.16,435.936,23.56
720575940566835586,F-mini-OFF,FmOff,1013.9,647.183,-13.2241,1014.112,645.36,20.36
720575940566779098,F-mini-OFF,FmOff,420.552,814.447,-16.2209,416.688,810.256,8.44
720575940562895358,F-mini-OFF,FmOff,119.918,653.8,-13.7181,116.528,648.704,34.48
720575940562959383,F-mini-OFF,FmOff,444.021,709.54,-14.5767,442.192,706.512,12.8
720575940563008139,F-mini-OFF,FmOff,822.142,533.522,-13.6288,822.496,531.328,27.36
720575940556786663,F-mini-OFF,FmOff,712.514,630.707,-13.9127,711.456,627.776,24.8
720575940557811836,F-mini-OFF,FmOff,311.481,909.774,-15.6145,307.536,910.512,13.96
720575940570825521,F-mini-OFF,FmOff,341.138,569.588,-15.3778,337.168,564.848,12.64
720575940552306035,F-mini-OFF,FmOff,598.979,880.431,-12.8404,596.352,878.384,17.76
720575940552511999,F-mini-OFF,FmOff,783.368,1053.26,-13.7429,780.224,1051.776,22.4
720575940574775999,F-mini-OFF,FmOff,160.745,576.388,-15.5257,154.768,571.792,29.76
720575940574730313,F-mini-OFF,FmOff,1012.57,1063.62,-14.6476,1009.104,1061.712,37.28
720575940552810513,F-mini-OFF,FmOff,890.799,621.727,-12.4694,891.904,615.936,24.36
720575940574622956,F-mini-OFF,FmOff,572.658,838.201,-15.5353,569.28,835.568,20.0
720575940574593097,F-mini-OFF,FmOff,204.18,357.088,-18.8818,201.696,353.392,47.8
720575940553244433,F-mini-OFF,FmOff,306.24,495.874,-12.0509,303.04,485.712,17.36
720575940553314903,F-mini-OFF,FmOff,482.815,475.352,-15.4183,481.616,469.888,13.08
720575940574270968,F-mini-OFF,FmOff,584.605,496.718,-11.6484,584.08,493.648,20.12
720575940578385865,F-mini-OFF,FmOff,206.758,594.951,-15.0851,202.992,591.36,13.6
720575940575206192,F-mini-OFF,FmOff,345.789,1047.5,-10.8296,342.992,1045.92,34.12
720575940553737353,F-mini-OFF,FmOff,470.761,630.398,-14.2412,467.712,632.32,17.08
720575940553762185,F-mini-OFF,FmOff,356.328,987.57,-13.6423,352.112,986.096,23.24
720575940573954028,F-mini-OFF,FmOff,65.1732,931.794,-16.973,63.904,928.56,58.36
720575940553973923,F-mini-OFF,FmOff,319.29,428.737,-11.2892,313.68,420.096,25.68
720575940573883936,F-mini-OFF,FmOff,183.642,1032.52,-15.6583,182.848,1028.608,49.32
720575940585259030,F-mini-OFF,FmOff,828.992,413.639,-10.5411,830.208,410.864,32.96
720575940554002339,F-mini-OFF,FmOff,749.7,774.539,-13.1709,747.568,770.656,19.24
720575940554037030,F-mini-OFF,FmOff,245.614,512.515,0.159261,238.176,513.696,34.8
720575940554305650,F-mini-OFF,FmOff,539.276,278.456,-14.3714,539.472,274.336,38.36
720575940554376978,F-mini-OFF,FmOff,563.409,736.456,-11.9431,561.248,733.136,17.84
720575940554526601,F-mini-OFF,FmOff,228.829,976.581,-13.4297,226.064,974.096,31.2
720575940554615004,F-mini-OFF,FmOff,378.145,766.542,-15.9022,374.768,763.76,6.2
720575940578430249,F-mini-OFF,FmOff,885.694,791.326,-12.0812,881.024,789.024,18.56
720575940575216849,F-mini-OFF,FmOff,419.159,650.688,-14.2792,415.712,645.152,14.08
720575940575287741,F-mini-OFF,FmOff,492.535,883.845,-14.5995,489.088,882.56,13.44
720575940575308413,F-mini-OFF,FmOff,732.136,400.938,-15.1105,731.44,396.368,30.52
720575940537434291,F-mini-OFF,FmOff,805.556,627.249,-12.9976,804.576,623.536,23.28
720575940537466547,F-mini-OFF,FmOff,429.914,322.659,-16.145,427.232,316.064,31.88
720575940577200325,F-mini-OFF,FmOff,492.15,312.047,-13.7912,492.896,304.768,32.68
720575940540777592,F-mini-OFF,FmOff,503.411,764.648,-15.7155,500.352,761.84,10.84
720575940587466493,F-mini-OFF,FmOff,529.609,904.824,-14.6618,529.312,903.168,15.2
720575940546274547,F-mini-OFF,FmOff,954.054,865.909,-13.936,953.072,865.712,19.56
720575940546570581,F-mini-OFF,FmOff,728.985,1076.05,-14.3031,726.416,1071.68,25.36
720575940546600453,F-mini-OFF,FmOff,576.217,669.391,-12.0492,572.256,667.44,19.16
720575940546836229,F-mini-OFF,FmOff,875.726,908.233,-13.4048,874.432,904.816,15.08
720575940546926677,F-mini-OFF,FmOff,743.328,943.363,-13.4103,742.464,941.952,20.36
720575940547015923,F-mini-OFF,FmOff,580.465,978.66,-13.4762,578.272,976.128,21.08
720575940548329913,F-mini-OFF,FmOff,986.974,809.332,-11.846,986.528,806.416,23.28
720575940576374397,F-mini-OFF,FmOff,383.412,299.424,-14.6059,380.4,293.36,45.32
720575940578043692,F-mini-OFF,FmOff,665.294,1081.97,-12.9322,663.792,1075.744,20.36
720575940578070738,F-mini-OFF,FmOff,309.706,722.819,-14.5821,305.728,718.144,7.48
720575940549808084,F-mini-OFF,FmOff,807.308,898.879,-12.2891,805.792,893.952,18.56
720575940550138939,F-mini-OFF,FmOff,972.181,999.944,-11.3321,969.936,994.64,28.44
720575940576110525,F-mini-OFF,FmOff,983.001,631.404,-13.9956,982.448,628.864,21.4
720575940576040532,F-mini-OFF,FmOff,746.89,884.674,-14.3068,747.488,880.864,17.32
720575940550638560,F-mini-OFF,FmOff,348.749,859.865,-15.8617,347.488,857.664,7.96
720575940550731433,F-mini-OFF,FmOff,441.343,755.082,-15.6563,437.968,754.048,4.96
720575940550936485,F-mini-OFF,FmOff,645.078,880.969,-13.1123,642.384,878.112,16.96
720575940550988886,F-mini-OFF,FmOff,712.914,821.169,-14.6803,712.64,818.64,15.72
720575940551264704,F-mini-OFF,FmOff,328.2,362.501,-14.1377,323.552,355.088,31.96
720575940551547051,F-mini-OFF,FmOff,602.435,661.577,-13.3453,606.976,659.76,22.68
720575940554723977,F-mini-OFF,FmOff,373.567,472.447,-12.7426,369.472,465.872,17.48
720575940585183443,F-mini-OFF,FmOff,738.78,425.42,-14.0639,741.632,421.376,33.08
720575940564483312,F-mini-OFF,FmOff,779.988,492.557,-14.8991,782.496,489.056,30.64
720575940584466299,F-mini-OFF,FmOff,684.893,984.195,-13.9568,683.216,982.048,19.88
720575940555950402,F-mini-OFF,FmOff,407.213,499.277,-15.6041,405.424,494.496,15.36
720575940556259047,F-mini-OFF,FmOff,525.309,847.254,-14.2223,524.144,844.976,13.52
720575940555947898,F-mini-OFF,FmOff,536.564,683.413,-14.1959,533.328,679.056,16.92
720575940571494177,F-mini-OFF,FmOff,897.193,738.954,-12.097,897.424,735.84,20.8
720575940571055291,F-mini-OFF,FmOff,150.898,860.984,-12.6144,147.168,860.56,31.4
720575940556437826,F-mini-OFF,FmOff,531.301,470.482,-15.5528,528.496,465.856,11.6
720575940570897673,F-mini-OFF,FmOff,824.535,1098.75,-15.8028,824.896,1094.192,30.2
720575940556543559,F-mini-OFF,FmOff,574.417,305.507,-14.6386,577.632,304.8,34.12
720575940571063817,F-mini-OFF,FmOff,880.746,1056.68,-12.8914,880.064,1055.872,29.04
720575940555716474,F-mini-OFF,FmOff,486.596,435.873,-14.3475,482.56,430.912,15.96
720575940556035299,F-mini-OFF,FmOff,293.264,285.447,-17.1814,288.512,281.424,48.92
720575940556015642,F-mini-OFF,FmOff,265.43,1033.01,-15.2408,263.92,1032.88,37.32
720575940571214123,F-mini-OFF,FmOff,94.8039,470.238,-18.5729,90.912,468.768,60.08
720575940573652768,F-mini-OFF,FmOff,104.675,827.885,-14.3868,102.88,831.408,37.04
720575940573848644,F-mini-OFF,FmOff,273.457,607.806,-15.6938,264.08,606.048,17.76
720575940583868539,F-mini-OFF,FmOff,860.891,832.557,-15.3464,861.408,829.312,18.68
720575940570850334,F-mini-OFF,FmOff,905.179,445.363,-14.1232,903.904,443.344,31.48
720575940578693065,F-mini-OFF,FmOff,115.227,710.152,-14.203,111.584,706.608,35.84
720575940556595783,F-mini-OFF,FmOff,761.651,303.572,-17.2642,762.544,299.856,34.24
720575940571326484,F-mini-OFF,FmOff,673.266,587.448,-12.2635,671.376,583.824,20.08
720575940573557316,F-mini-OFF,FmOff,301.957,402.063,-12.8895,297.952,402.64,26.48
720575940554992009,F-mini-OFF,FmOff,957.156,507.693,-13.0882,960.528,501.888,22.32
720575940576316590,F-mini-ON,FmOn,592.558,798.751,-14.8343,589.248,797.68,16.24
720575940566349431,F-mini-ON,FmOn,525.883,807.877,-15.6121,522.672,807.104,8.48
720575940569846025,F-mini-ON,FmOn,804.567,330.916,-12.8618,804.16,326.384,40.16
720575940576295183,F-mini-ON,FmOn,204.745,549.414,-13.1047,199.776,548.288,26.64
720575940566378114,F-mini-ON,FmOn,449.901,226.913,-17.6972,445.84,223.424,44.88
720575940566588521,F-mini-ON,FmOn,299.372,294.828,-16.0295,296.992,291.728,49.08
720575940570130088,F-mini-ON,FmOn,335.89,1051.78,-13.5016,331.264,1049.824,33.68
720575940579295120,F-mini-ON,FmOn,719.521,281.064,-18.3224,718.368,276.832,44.04
720575940575694164,F-mini-ON,FmOn,799.524,400.175,-13.723,798.336,398.192,34.4
720575940578127676,F-mini-ON,FmOn,959.259,439.664,-14.6688,958.576,435.6,33.2
720575940566488194,F-mini-ON,FmOn,734.825,544.768,-14.6325,736.288,545.472,18.6
720575940569862774,F-mini-ON,FmOn,178.921,509.058,-16.3082,171.024,507.568,27.52
720575940566584542,F-mini-ON,FmOn,518.606,250.459,-14.0775,516.256,244.048,43.96
720575940571161512,F-mini-ON,FmOn,631.155,997.342,-14.6017,629.76,996.368,16.8
720575940570192018,F-mini-ON,FmOn,332.109,702.685,-13.8612,327.856,696.896,9.4
720575940566485214,F-mini-ON,FmOn,102.317,889.849,-16.6833,99.056,890.08,42.76
720575940573877657,F-mini-ON,FmOn,944.356,953.641,-12.8786,941.808,951.2,25.36
720575940570271455,F-mini-ON,FmOn,752.157,274.994,-17.8441,750.736,272.32,43.96
720575940564834767,F-mini-ON,FmOn,387.014,895.686,-15.6617,383.488,893.84,11.2
720575940577359932,F-mini-ON,FmOn,298.741,362.674,-13.8588,295.136,356.656,34.08
720575940564913565,F-mini-ON,FmOn,153.644,720.258,-15.0677,148.624,715.792,27.96
720575940580727221,F-mini-ON,FmOn,879.727,662.229,-11.6166,879.328,659.584,21.16
720575940570666265,F-mini-ON,FmOn,751.307,1028.49,-14.2268,748.416,1025.184,22.4
720575940565025783,F-mini-ON,FmOn,993.829,1040.81,-13.7649,993.888,1037.232,34.44
720575940577898414,F-mini-ON,FmOn,257.38,1001.58,-13.0469,253.952,1002.256,30.88
720575940577097341,F-mini-ON,FmOn,751.06,761.375,-13.0862,748.592,755.712,18.72
720575940577074180,F-mini-ON,FmOn,591.128,428.767,-12.8776,591.904,423.36,20.32
720575940570886367,F-mini-ON,FmOn,437.139,318.548,-16.8404,435.408,312.176,33.36
720575940565105794,F-mini-ON,FmOn,284.65,825.556,-14.5606,276.704,824.768,10.64
720575940577000259,F-mini-ON,FmOn,499.321,988.453,-14.0996,495.872,987.824,18.56
720575940570562015,F-mini-ON,FmOn,597.964,235.149,-17.2301,597.792,230.32,44.96
720575940565494146,F-mini-ON,FmOn,445.338,660.135,-17.2982,441.824,655.024,13.52
720575940570436036,F-mini-ON,FmOn,539.755,1010.68,-15.093,534.976,1008.272,21.12
720575940565675343,F-mini-ON,FmOn,1004.1,606.226,-12.6767,1004.992,599.872,20.36
720575940565744548,F-mini-ON,FmOn,633.702,453.617,-12.8284,633.296,450.016,27.56
720575940576889871,F-mini-ON,FmOn,808.252,862.3,-14.5179,806.944,858.24,17.92
720575940575416880,F-mini-ON,FmOn,1054.7,540.986,-14.0151,1054.272,540.784,28.36
720575940576725013,F-mini-ON,FmOn,257.629,759.853,-13.6161,251.52,759.296,12.16
720575940570297665,F-mini-ON,FmOn,509.391,599.268,-20.0297,509.008,588.672,8.48
720575940566330259,F-mini-ON,FmOn,1051.49,797.584,-13.4519,1053.712,793.28,26.92
720575940567109900,F-mini-ON,FmOn,609.958,476.417,-14.001,612.944,473.408,17.2
720575940567235447,F-mini-ON,FmOn,388.915,254.407,-18.798,385.888,252.096,46.76
720575940569803289,F-mini-ON,FmOn,711.568,310.855,-14.8531,711.104,306.272,40.24
720575940574507312,F-mini-ON,FmOn,904.676,281.086,-16.8247,906.224,278.208,51.16
720575940578689481,F-mini-ON,FmOn,432.838,271.546,-14.7969,428.208,264.128,42.4
720575940568051418,F-mini-ON,FmOn,404.894,482.678,-18.0209,400.544,478.016,9.32
720575940571731628,F-mini-ON,FmOn,628.593,324.546,-18.4576,629.856,316.832,28.36
720575940578389458,F-mini-ON,FmOn,93.4547,618.79,-13.859,90.768,614.384,42.36
720575940580246197,F-mini-ON,FmOn,323.605,567.982,-14.5022,317.824,563.184,13.76
720575940568070918,F-mini-ON,FmOn,597.788,531.843,-13.4558,596.576,529.44,23.2
720575940568152439,F-mini-ON,FmOn,100.512,479.752,-20.4331,96.928,480.512,52.6
720575940574007999,F-mini-ON,FmOn,137.285,506.223,-17.9939,132.368,499.824,39.68
720575940578460520,F-mini-ON,FmOn,868.363,530.569,-13.7023,866.048,527.52,24.88
720575940573445311,F-mini-ON,FmOn,766.992,529.924,-15.903,767.536,528.192,24.64
720575940569054134,F-mini-ON,FmOn,319.589,457.824,-11.7962,314.544,454.336,20.12
720575940568364816,F-mini-ON,FmOn,354.939,536.405,-13.1352,350.16,530.096,13.8
720575940573893664,F-mini-ON,FmOn,208.645,1088.97,-17.5151,207.424,1086.144,53.2
720575940573511741,F-mini-ON,FmOn,670.315,503.172,-15.0595,667.248,500.208,19.12
720575940568444944,F-mini-ON,FmOn,446.62,848.734,-16.9042,445.456,848.704,7.76
720575940568974670,F-mini-ON,FmOn,692.882,772.378,-15.2645,689.44,768.816,16.0
720575940573683180,F-mini-ON,FmOn,111.753,580.872,-17.6834,109.392,576.88,39.28
720575940573743769,F-mini-ON,FmOn,996.401,547.052,-12.7231,997.36,545.488,21.68
720575940568882014,F-mini-ON,FmOn,607.622,742.337,-15.6263,608.208,742.064,12.92
720575940580175797,F-mini-ON,FmOn,687.536,230.725,-18.8029,687.184,228.016,42.92
720575940568718708,F-mini-ON,FmOn,670.626,666.637,-11.4707,670.912,661.856,16.84
720575940568497146,F-mini-ON,FmOn,397.026,614.877,-15.9624,398.448,612.208,11.8
720575940568037558,F-mini-ON,FmOn,876.746,454.535,-12.4879,876.976,454.432,32.28
720575940579019210,F-mini-ON,FmOn,384.048,398.368,-13.1609,381.248,391.44,25.92
720575940567959047,F-mini-ON,FmOn,241.91,534.489,-14.3525,237.376,533.984,16.2
720575940569185718,F-mini-ON,FmOn,301.776,478.086,-13.6438,304.72,470.512,18.2
720575940569765544,F-mini-ON,FmOn,61.4213,888.718,-14.6406,60.336,887.552,55.96
720575940567137804,F-mini-ON,FmOn,891.83,323.129,-15.3117,891.344,320.704,40.16
720575940569721182,F-mini-ON,FmOn,1031.74,453.099,-16.9762,1034.208,449.984,30.8
720575940568580085,F-mini-ON,FmOn,278.464,967.255,-13.9293,277.504,968.352,19.44
720575940567264353,F-mini-ON,FmOn,898.422,885.417,-12.4038,899.664,883.328,22.52
720575940569626536,F-mini-ON,FmOn,709.383,1099.54,-12.5379,708.032,1094.464,22.56
720575940567418168,F-mini-ON,FmOn,626.32,886.007,-13.7656,623.264,884.016,19.44
720575940575198166,F-mini-ON,FmOn,657.586,800.937,-15.7997,655.376,798.688,15.68
720575940567493628,F-mini-ON,FmOn,340.269,298.04,-17.6696,338.368,291.024,43.16
720575940575189321,F-mini-ON,FmOn,287.132,426.451,-13.7083,282.592,417.664,22.04
720575940569536952,F-mini-ON,FmOn,1003.6,889.304,-13.9668,999.696,886.928,21.16
720575940575315705,F-mini-ON,FmOn,793.533,501.755,-14.2647,793.2,494.304,29.24
720575940567506102,F-mini-ON,FmOn,308.939,653.573,-14.3602,302.992,647.808,12.24
720575940567571462,F-mini-ON,FmOn,940.586,669.589,-11.9429,938.432,667.664,21.04
720575940567575548,F-mini-ON,FmOn,939.901,750.155,-14.4733,938.432,748.288,15.32
720575940567634488,F-mini-ON,FmOn,889.366,1047.21,-14.4538,885.408,1044.352,25.08
720575940578353097,F-mini-ON,FmOn,562.207,917.186,-14.0689,557.104,915.696,13.48
720575940567692978,F-mini-ON,FmOn,890.895,399.929,-13.9434,889.856,397.536,33.24
720575940571650706,F-mini-ON,FmOn,1088.26,798.252,-12.1848,1086.608,797.728,24.76
720575940574677462,F-mini-ON,FmOn,529.347,341.389,-14.2972,528.592,337.376,30.24
720575940569432658,F-mini-ON,FmOn,1009.69,835.179,-11.8523,1012.624,833.472,20.56
720575940567795055,F-mini-ON,FmOn,939.296,381.07,-14.5385,938.784,379.056,40.48
720575940567824117,F-mini-ON,FmOn,1086.53,520.967,-14.6726,1087.216,518.544,37.12
720575940574583856,F-mini-ON,FmOn,155.9,468.659,-15.6864,152.464,467.728,39.08
720575940580286872,F-mini-ON,FmOn,507.114,558.732,-14.6255,505.312,555.648,17.84
720575940567964405,F-mini-ON,FmOn,1086.08,931.395,-12.8498,1082.048,930.56,33.76
720575940582111806,F-mini-ON,FmOn,784.153,644.111,-14.9191,782.672,641.92,20.24
720575940564427421,F-mini-ON,FmOn,451.231,523.515,-14.0513,448.992,519.6,16.92
720575940557522148,F-mini-ON,FmOn,323.849,806.971,-15.5054,323.088,811.376,3.6
720575940557509096,F-mini-ON,FmOn,596.273,1059.85,-13.7994,592.976,1058.288,22.4
720575940557369216,F-mini-ON,FmOn,505.126,404.768,-14.8269,503.84,398.656,16.52
720575940557320546,F-mini-ON,FmOn,448.526,959.273,-16.0507,446.528,959.376,16.84
720575940557307954,F-mini-ON,FmOn,1054.3,878.782,-13.0598,1051.904,875.344,25.92
720575940557129165,F-mini-ON,FmOn,210.778,610.808,-15.1829,204.48,610.336,15.4
720575940556985394,F-mini-ON,FmOn,1015.01,657.565,-13.5203,1011.952,654.736,23.44
720575940557549663,F-mini-ON,FmOn,367.852,338.986,-14.6289,360.704,331.472,31.72
720575940556870964,F-mini-ON,FmOn,480.839,253.797,-12.7823,478.256,246.384,43.52
720575940556529530,F-mini-ON,FmOn,997.491,430.289,-13.0829,997.52,427.984,37.88
720575940556328234,F-mini-ON,FmOn,787.236,582.567,-14.9436,787.2,580.752,22.6
720575940556252266,F-mini-ON,FmOn,532.964,651.504,-15.2801,529.856,647.168,18.0
720575940556247860,F-mini-ON,FmOn,861.586,351.466,-13.92,862.24,346.528,33.52
720575940556246394,F-mini-ON,FmOn,218.961,879.951,-13.3505,215.648,878.928,23.48
720575940556135530,F-mini-ON,FmOn,681.457,388.943,-15.91,680.832,385.024,22.72
720575940556049372,F-mini-ON,FmOn,285.169,508.666,-15.6848,281.776,506.16,14.44
720575940556547450,F-mini-ON,FmOn,945.989,509.143,-13.9716,942.576,511.2,24.84
720575940557554886,F-mini-ON,FmOn,735.02,820.983,-10.4051,732.496,816.896,21.16
720575940557629791,F-mini-ON,FmOn,883.414,757.034,-14.3256,883.92,753.68,19.88
720575940557639495,F-mini-ON,FmOn,161.975,429.951,-17.9996,155.968,426.784,46.92
720575940559333579,F-mini-ON,FmOn,781.229,385.239,-16.5111,780.496,383.872,34.08
720575940559328917,F-mini-ON,FmOn,508.131,668.083,-14.0413,506.736,662.848,13.84
720575940559226979,F-mini-ON,FmOn,540.468,481.043,-14.1346,539.392,478.08,11.6
720575940559177188,F-mini-ON,FmOn,442.231,1042.04,-13.0176,438.656,1041.488,24.24
720575940558987556,F-mini-ON,FmOn,527.236,496.602,-14.7066,524.032,489.584,17.28
720575940558739245,F-mini-ON,FmOn,571.081,557.92,-13.4487,570.544,555.408,20.96
720575940558584925,F-mini-ON,FmOn,602.079,367.853,-15.0969,603.472,363.088,26.44
720575940583216686,F-mini-ON,FmOn,996.842,981.83,-12.1968,993.888,981.2,27.6
720575940558123919,F-mini-ON,FmOn,265.954,1089.23,-15.4908,264.0,1081.824,44.88
720575940564474395,F-mini-ON,FmOn,71.2001,719.262,-13.9236,69.376,719.088,44.72
720575940557955021,F-mini-ON,FmOn,857.386,948.669,-13.7699,855.536,946.768,20.44
720575940557910306,F-mini-ON,FmOn,284.908,686.135,-16.1984,280.064,680.288,10.04
720575940557834383,F-mini-ON,FmOn,145.764,551.939,-15.4731,141.296,557.488,31.36
720575940557815286,F-mini-ON,FmOn,172.958,1032.02,-15.7152,173.008,1033.664,46.48
720575940557782505,F-mini-ON,FmOn,982.103,695.002,-12.8681,979.856,692.672,20.8
720575940557765574,F-mini-ON,FmOn,1078.48,422.64,-21.2416,1077.68,423.824,54.44
720575940557736498,F-mini-ON,FmOn,363.492,434.745,-14.9225,356.912,427.104,20.12
720575940584517243,F-mini-ON,FmOn,826.764,221.857,-15.6226,825.056,218.144,49.8
720575940555855075,F-mini-ON,FmOn,153.918,894.24,-15.0012,148.064,889.216,33.32
720575940555822362,F-mini-ON,FmOn,1068.18,681.804,-15.0777,1069.904,678.08,25.24
720575940555731182,F-mini-ON,FmOn,957.756,803.054,-12.4959,959.472,802.048,21.08
720575940552010312,F-mini-ON,FmOn,948.119,622.394,-12.4113,946.224,618.72,21.32
720575940551491810,F-mini-ON,FmOn,308.183,867.101,-15.1782,302.688,863.952,10.32
720575940551396267,F-mini-ON,FmOn,240.64,826.078,-13.6978,232.064,823.792,12.16
720575940550621666,F-mini-ON,FmOn,421.054,391.467,-13.3404,415.808,383.728,18.8
720575940550559200,F-mini-ON,FmOn,479.766,736.236,-14.9105,479.936,734.032,8.72
720575940550308647,F-mini-ON,FmOn,856.314,294.131,-16.089,854.944,288.96,42.72
720575940550136416,F-mini-ON,FmOn,411.142,689.095,-15.54,408.784,686.48,9.04
720575940549663970,F-mini-ON,FmOn,311.471,759.418,-15.9131,307.552,755.328,7.96
720575940549425723,F-mini-ON,FmOn,600.834,677.55,-13.0597,598.304,672.512,13.76
720575940548889478,F-mini-ON,FmOn,1030.96,724.545,-13.3739,1029.424,722.864,23.04
720575940547147916,F-mini-ON,FmOn,1051.93,605.533,-11.8318,1052.832,603.952,26.2
720575940546231027,F-mini-ON,FmOn,954.539,877.065,-13.4831,952.464,873.84,20.4
720575940545506547,F-mini-ON,FmOn,680.573,447.954,-14.5364,677.184,443.536,25.2
720575940545348339,F-mini-ON,FmOn,629.723,257.75,-16.976,629.072,253.552,43.8
720575940541163128,F-mini-ON,FmOn,614.82,595.941,-17.5518,614.928,593.504,15.6
720575940538025139,F-mini-ON,FmOn,826.416,1064.27,-11.9648,825.28,1063.12,27.92
720575940537569971,F-mini-ON,FmOn,841.785,804.312,-13.8629,840.608,801.488,17.0
720575940552038624,F-mini-ON,FmOn,270.212,1040.53,-13.6349,271.696,1037.136,37.56
720575940559424389,F-mini-ON,FmOn,698.348,630.466,-14.674,696.0,626.848,20.28
720575940552108352,F-mini-ON,FmOn,742.558,979.452,-13.4684,742.352,978.032,16.6
720575940587311613,F-mini-ON,FmOn,743.401,604.783,-14.193,743.792,600.912,18.2
720575940555685352,F-mini-ON,FmOn,715.867,369.555,-14.2654,715.312,365.28,34.88
720575940555582702,F-mini-ON,FmOn,485.297,1077.32,-11.7809,481.056,1078.368,32.28
720575940555127940,F-mini-ON,FmOn,814.329,257.383,-17.0264,814.704,255.616,47.88
720575940555094802,F-mini-ON,FmOn,639.833,937.736,-15.1554,636.832,934.256,12.32
720575940554959086,F-mini-ON,FmOn,465.569,612.827,-14.7595,462.64,609.136,16.92
720575940554799241,F-mini-ON,FmOn,219.898,405.749,-14.5657,214.352,397.68,39.08
720575940553974921,F-mini-ON,FmOn,524.917,296.223,-13.438,523.408,290.48,37.32
720575940585508150,F-mini-ON,FmOn,264.373,906.725,-10.629,259.792,907.808,20.44
720575940553755273,F-mini-ON,FmOn,330.845,918.758,-13.0994,327.376,921.2,15.32
720575940553560483,F-mini-ON,FmOn,736.625,490.627,-13.8664,734.944,487.312,24.88
720575940553489315,F-mini-ON,FmOn,624.848,386.31,-14.5451,624.384,381.264,26.8
720575940553081795,F-mini-ON,FmOn,912.74,526.57,-13.8096,912.304,523.28,21.24
720575940553070349,F-mini-ON,FmOn,653.626,564.462,-13.5835,652.224,562.304,19.72
720575940552861253,F-mini-ON,FmOn,538.828,405.278,-15.3382,536.288,399.696,19.6
720575940552765043,F-mini-ON,FmOn,119.653,756.09,-11.6802,115.568,752.16,33.44
720575940552667507,F-mini-ON,FmOn,160.98,770.767,-14.1267,159.136,769.2,26.84
720575940552454059,F-mini-ON,FmOn,933.141,811.362,-12.1872,932.016,809.552,22.0
720575940552191171,F-mini-ON,FmOn,692.204,297.17,-14.6248,689.568,290.384,44.76
720575940559446506,F-mini-ON,FmOn,829.434,718.802,-13.3339,828.0,715.648,22.8
720575940577477932,F-mini-ON,FmOn,747.61,389.795,-13.1655,746.384,385.968,35.2
720575940559598387,F-mini-ON,FmOn,99.323,690.064,-14.7632,95.856,684.496,38.84
720575940581845822,F-mini-ON,FmOn,571.966,615.15,-14.9327,570.464,615.616,21.08
720575940577365178,F-mini-ON,FmOn,747.605,1084.34,-13.412,744.096,1081.616,24.28
720575940562897837,F-mini-ON,FmOn,886.892,695.982,-12.7449,886.464,692.432,20.68
720575940562870598,F-mini-ON,FmOn,972.427,348.982,-17.1938,970.352,342.976,40.08
720575940562862263,F-mini-ON,FmOn,565.803,967.742,-16.298,562.88,965.152,15.44
720575940562802570,F-mini-ON,FmOn,389.542,994.748,-14.6942,386.768,994.032,21.56
720575940562707631,F-mini-ON,FmOn,816.189,973.823,-13.3043,815.088,971.888,17.52
720575940562664111,F-mini-ON,FmOn,829.639,509.94,-14.8919,828.736,507.28,26.36
720575940562552915,F-mini-ON,FmOn,366.116,749.628,-16.0302,362.96,744.576,8.72
720575940562518954,F-mini-ON,FmOn,947.655,1050.15,-13.3724,941.2,1048.528,27.56
720575940582412909,F-mini-ON,FmOn,554.087,1061.7,-14.2903,554.016,1055.84,22.64
720575940562163941,F-mini-ON,FmOn,220.53,1031.29,-14.9566,218.528,1029.712,40.2
720575940562084046,F-mini-ON,FmOn,608.694,174.51,-16.5183,609.104,171.648,56.72
720575940561847210,F-mini-ON,FmOn,527.242,925.192,-15.0029,526.24,921.392,14.8
720575940561845421,F-mini-ON,FmOn,484.839,466.905,-15.4445,482.272,462.88,13.76
720575940563230581,F-mini-ON,FmOn,590.872,938.999,-13.4217,589.216,935.696,20.76
720575940563324742,F-mini-ON,FmOn,856.523,856.42,-14.109,855.968,853.936,18.36
720575940563464219,F-mini-ON,FmOn,815.521,445.745,-11.4795,815.664,442.336,30.84
720575940563466715,F-mini-ON,FmOn,665.868,723.788,-12.8061,664.192,720.128,19.32
720575940564410605,F-mini-ON,FmOn,693.028,929.373,-11.7091,691.264,924.08,16.68
720575940564316897,F-mini-ON,FmOn,236.69,380.966,-17.2391,233.28,376.176,37.68
720575940564292065,F-mini-ON,FmOn,671.266,322.124,-20.6618,671.888,320.96,30.08
720575940564149288,F-mini-ON,FmOn,573.07,277.382,-19.6497,571.024,273.104,32.84
720575940564105279,F-mini-ON,FmOn,760.601,890.807,-13.2732,757.232,884.912,18.8
720575940587899389,F-mini-ON,FmOn,949.936,582.555,-13.0134,947.904,579.152,21.0
720575940564028729,F-mini-ON,FmOn,868.164,593.41,-12.6003,866.624,589.408,23.52
720575940561841578,F-mini-ON,FmOn,499.601,871.515,-14.8133,499.488,868.896,12.28
720575940563988817,F-mini-ON,FmOn,249.38,618.403,-16.6856,243.12,616.32,16.28
720575940563910207,F-mini-ON,FmOn,582.162,850.288,-17.0112,575.616,848.24,19.32
720575940580871568,F-mini-ON,FmOn,220.37,772.651,-13.0288,211.424,767.936,19.76
720575940563884113,F-mini-ON,FmOn,522.625,749.713,-14.7146,519.984,746.48,14.72
720575940563871131,F-mini-ON,FmOn,856.051,647.776,-14.1649,856.304,645.984,22.32
720575940563766568,F-mini-ON,FmOn,841.984,486.123,-12.2611,840.048,481.6,28.48
720575940581358023,F-mini-ON,FmOn,359.079,665.794,-17.2236,354.512,659.008,10.84
720575940563623991,F-mini-ON,FmOn,409.1,883.397,-14.3386,406.704,878.992,10.08
720575940580870552,F-mini-ON,FmOn,646.239,1022.35,-14.3607,645.152,1022.032,22.8
720575940561782414,F-mini-ON,FmOn,462.268,386.168,-11.8328,460.304,383.312,21.44
720575940582340551,F-mini-ON,FmOn,197.576,702.946,-12.7377,197.408,704.096,15.2
720575940561011530,F-mini-ON,FmOn,403.954,1052.39,-10.6793,409.584,1053.984,26.08
720575940561071440,F-mini-ON,FmOn,467.277,919.59,-12.5689,465.952,917.6,12.48
720575940561085329,F-mini-ON,FmOn,378.903,955.788,-14.7843,374.624,957.136,12.6
720575940561151824,F-mini-ON,FmOn,130.716,778.667,-14.9303,127.008,775.696,32.24
720575940560867022,F-mini-ON,FmOn,159.572,842.21,-12.5759,160.256,841.664,27.52
720575940560814867,F-mini-ON,FmOn,406.922,570.329,-14.5524,405.184,564.992,15.32
720575940561499598,F-mini-ON,FmOn,214.664,455.333,-13.9174,209.824,449.824,33.32
720575940560797858,F-mini-ON,FmOn,572.809,733.37,-12.0335,570.784,729.072,18.28
720575940561580430,F-mini-ON,FmOn,196.502,930.794,-15.552,192.352,930.384,29.12
720575940561643481,F-mini-ON,FmOn,282.717,592.565,-14.5279,278.912,589.52,16.96
720575940560767921,F-mini-ON,FmOn,160.794,631.557,-14.5908,153.024,627.792,24.48
720575940560537230,F-mini-ON,FmOn,729.514,436.723,-17.2408,728.368,435.488,27.6
720575940582712126,F-mini-ON,FmOn,779.015,829.25,-12.6891,775.104,826.368,19.6
720575940561777322,F-mini-ON,FmOn,227.552,682.323,-13.7506,222.368,680.016,13.92
720575940559652586,F-mini-ON,FmOn,499.032,1027.4,-14.8876,498.736,1026.128,17.04
720575940559941723,F-mini-ON,FmOn,421.183,747.848,-16.8123,416.944,740.288,7.64
720575940561683594,F-mini-ON,FmOn,348.54,854.369,-18.2083,346.448,853.504,1.64
720575940560513308,F-mini-ON,FmOn,820.192,928.378,-13.2978,818.912,925.648,19.24
720575940550012386,OFF transient alpha,tOff-a,520.275,282.424,-12.3406,519.376,274.368,42.84
720575940553553059,OFF transient alpha,tOff-a,570.378,500.004,-14.1154,572.96,492.768,25.24
720575940574427465,OFF transient alpha,tOff-a,732.843,692.147,-13.9439,733.728,685.936,22.48
720575940564770215,OFF transient alpha,tOff-a,775.408,1037.09,-14.3159,775.872,1037.424,21.96
720575940559246941,OFF transient alpha,tOff-a,1085.36,465.546,-15.869,1084.448,468.8,44.64
720575940563444699,OFF transient alpha,tOff-a,506.012,629.491,-9.80722,504.304,630.336,20.6
720575940580552057,OFF transient alpha,tOff-a,351.466,368.719,-14.0358,350.176,364.336,24.88
720575940583092014,OFF transient alpha,tOff-a,980.959,931.705,-10.7549,980.704,930.784,26.88
720575940568670575,OFF transient alpha,tOff-a,954.452,742.684,-12.9397,951.696,744.64,15.2
720575940576648515,OFF transient alpha,tOff-a,423.248,551.558,-14.228,417.984,550.112,17.8
720575940563614445,OFF transient alpha,tOff-a,330.807,720.516,-14.5824,327.056,717.648,6.44
720575940563620407,OFF transient alpha,tOff-a,475.82,821.802,-17.1333,472.56,819.856,6.08
720575940560793829,OFF transient alpha,tOff-a,669.561,195.875,-14.5138,661.12,191.648,55.64
720575940569093970,OFF transient alpha,tOff-a,108.122,559.727,-16.2899,104.224,560.048,39.84
720575940565666670,OFF transient alpha,tOff-a,460.938,196.089,-19.2919,461.344,191.984,56.88
720575940565654638,OFF transient alpha,tOff-a,975.094,428.992,-14.7013,974.496,427.632,36.8
720575940569204150,OFF transient alpha,tOff-a,434.086,925.638,-15.6194,435.12,927.12,13.92
720575940564017727,OFF transient alpha,tOff-a,545.073,983.068,-15.8652,541.104,981.296,21.68
720575940560587548,OFF transient alpha,tOff-a,377.469,250.58,-22.9168,375.536,245.328,50.12
720575940550427362,OFF transient alpha,tOff-a,312.609,526.211,-14.5429,309.152,521.312,13.2
720575940568354826,OFF transient alpha,tOff-a,618.786,949.207,-14.4729,617.44,943.136,15.88
720575940559143627,OFF transient alpha,tOff-a,729.901,578.057,-12.3807,724.512,575.936,26.44
720575940558489303,OFF transient alpha,tOff-a,1052.08,813.662,-11.7565,1045.424,812.384,21.92
720575940557375192,OFF transient alpha,tOff-a,614.903,262.575,-18.0935,610.976,262.576,38.64
720575940557962810,OFF transient alpha,tOff-a,669.183,466.21,-15.5243,660.08,467.552,19.16
720575940556741760,OFF transient alpha,tOff-a,433.664,463.218,-14.0658,428.912,451.824,16.96
720575940556740484,OFF transient alpha,tOff-a,416.15,676.747,-17.0155,412.832,673.456,12.68
720575940584309627,OFF transient alpha,tOff-a,561.125,376.376,-15.3042,558.56,373.232,20.68
720575940557523295,OFF transient alpha,tOff-a,800.237,884.891,-12.9626,798.672,880.032,19.08
720575940562190242,OFF transient alpha,tOff-a,442.816,1017.12,-14.3582,441.392,1006.592,15.72
720575940557110324,OFF transient alpha,tOff-a,923.303,1032.03,-13.8348,919.6,1030.56,26.08
720575940557550595,OFF transient alpha,tOff-a,843.565,654.751,-13.9881,841.664,655.552,20.68
720575940553722711,OFF transient alpha,tOff-a,314.938,892.187,-12.5193,315.6,890.336,7.0
720575940567243482,OFF transient alpha,tOff-a,992.866,531.458,-13.1603,992.144,525.76,21.36
720575940567214241,OFF transient alpha,tOff-a,123.602,388.09,-22.8942,124.144,393.696,60.28
720575940568469745,OFF transient alpha,tOff-a,140.145,716.469,-14.6658,137.264,716.128,25.64
720575940567144926,OFF transient alpha,tOff-a,637.927,816.262,-17.4044,639.984,815.968,10.84
720575940571633940,OFF transient alpha,tOff-a,206.586,760.984,-12.8025,203.856,758.528,13.84
720575940562605226,OFF transient alpha,tOff-a,845.293,767.123,-13.9052,834.784,768.752,15.6
720575940570457374,OFF transient alpha,tOff-a,894.284,436.232,-14.5567,892.448,431.344,29.68
720575940585060051,OFF transient alpha,tOff-a,871.625,211.191,-17.9828,875.664,218.464,55.0
720575940567685554,OFF transient alpha,tOff-a,705.798,342.071,-15.5479,702.016,336.528,36.6
720575940570362036,OFF transient alpha,tOff-a,259.842,625.48,-16.444,251.936,621.776,18.16
720575940555544558,OFF transient alpha,tOff-a,177.101,526.045,-15.9138,170.8,520.848,30.4
720575940582599038,OFF transient alpha,tOff-a,431.253,343.22,-14.1589,429.312,335.456,31.48
720575940561386154,OFF transient alpha,tOff-a,643.806,698.009,-13.3609,643.168,703.872,17.32
720575940562884422,OFF transient alpha,tOff-a,132.08,840.132,-13.3398,125.68,839.456,33.76
720575940573923564,OFF transient alpha,tOff-a,123.163,938.098,-14.7596,121.696,941.168,52.16
720575940553857687,OFF transient alpha,tOff-a,1027.41,1043.44,-14.1058,1019.296,1041.584,31.76
720575940556028442,OFF transient alpha,tOff-a,264.467,1070.44,-12.6711,265.664,1068.224,41.88
720575940556953722,OFF transient alpha,tOff-a,502.688,551.218,-12.4748,484.336,547.696,6.96
720575940587387389,ON alpha,sOn-a,663.856,201.198,-21.6102,661.488,196.96,42.56
720575940582916551,ON alpha,sOn-a,149.043,415.199,-31.1617,151.792,419.792,43.56
720575940583473351,ON alpha,sOn-a,225.813,1068.03,-15.2416,226.304,1073.408,45.88
720575940585805878,ON alpha,sOn-a,1088.04,629.437,-12.1487,1084.624,625.04,27.2
720575940578913225,ON alpha,sOn-a,194.912,463.643,-16.7703,187.424,463.36,27.84
720575940583180155,ON alpha,sOn-a,584.311,753.039,-14.5346,581.248,748.432,15.28
720575940582163911,ON alpha,sOn-a,348.285,321.685,-14.7949,338.672,314.496,35.76
720575940586316598,ON alpha,sOn-a,332.449,796.712,-16.0986,328.48,792.528,8.04
720575940586165526,ON alpha,sOn-a,634.441,905.609,-14.1572,636.336,908.24,12.0
720575940583423175,ON alpha,sOn-a,498.382,830.0,-14.2838,496.544,825.744,7.0
720575940582794760,ON alpha,sOn-a,551.929,1004.19,-16.1341,548.512,1002.304,19.88
720575940579029608,ON alpha,sOn-a,978.668,1093.83,-14.4331,975.632,1095.632,37.2
720575940580640109,ON alpha,sOn-a,317.29,627.207,-16.1961,315.568,623.984,11.24
720575940537274291,ON alpha,sOn-a,483.577,891.599,-14.1096,482.048,890.096,14.72
720575940577193914,ON alpha,sOn-a,940.175,876.437,-14.4369,934.704,873.28,17.08
720575940562652158,ON alpha,sOn-a,282.644,890.946,-13.0666,282.08,891.36,9.08
720575940562602671,ON alpha,sOn-a,263.796,740.673,-14.7998,257.04,736.08,10.0
720575940562534282,ON alpha,sOn-a,316.809,686.139,-16.2408,311.76,679.12,9.68
720575940562235806,ON alpha,sOn-a,688.84,1095.76,-12.9219,684.944,1092.672,24.92
720575940562135550,ON alpha,sOn-a,679.368,259.958,-17.7244,677.392,255.68,40.76
720575940561821931,ON alpha,sOn-a,1086.97,1025.52,-16.1584,1084.432,1014.224,39.2
720575940561659806,ON alpha,sOn-a,751.963,919.646,-14.1873,747.248,921.84,11.52
720575940561598699,ON alpha,sOn-a,497.649,331.974,-13.7971,490.64,328.192,29.08
720575940561476115,ON alpha,sOn-a,125.995,498.716,-17.6311,123.92,503.328,37.08
720575940560026790,ON alpha,sOn-a,743.019,633.205,-15.6982,745.104,632.544,20.92
720575940559236957,ON alpha,sOn-a,95.3782,728.036,-15.8602,97.584,733.184,36.68
720575940558941485,ON alpha,sOn-a,212.574,838.286,-13.5004,208.048,836.992,19.68
720575940558177239,ON alpha,sOn-a,460.528,436.827,-14.8307,458.464,431.536,15.28
720575940558086615,ON alpha,sOn-a,237.535,472.165,-16.2057,231.616,464.432,28.6
720575940562911131,ON alpha,sOn-a,581.681,241.472,-19.1752,584.048,238.096,37.6
720575940557694150,ON alpha,sOn-a,100.358,605.873,-14.8706,98.208,608.64,38.36
720575940556646722,ON alpha,sOn-a,779.147,1083.99,-14.8814,778.592,1072.912,25.56
720575940556603880,ON alpha,sOn-a,788.507,119.857,-10.8581,791.92,110.048,74.32
720575940556278834,ON alpha,sOn-a,333.558,965.133,-12.8033,343.84,962.288,14.16
720575940556032995,ON alpha,sOn-a,288.196,296.324,-17.6326,285.008,292.448,41.6
720575940555722222,ON alpha,sOn-a,175.212,995.02,-15.8374,172.784,992.528,41.8
720575940554733336,ON alpha,sOn-a,859.74,1045.14,-12.7067,856.4,1041.408,23.96
720575940553992205,ON alpha,sOn-a,1051.61,941.25,-12.2891,1047.232,939.232,27.36
720575940553949222,ON alpha,sOn-a,497.774,513.568,-20.1049,492.944,512.56,10.24
720575940553644634,ON alpha,sOn-a,189.179,948.802,-16.3516,188.416,950.128,35.32
720575940552794367,ON alpha,sOn-a,122.548,870.605,-14.6314,124.448,876.848,31.72
720575940552702024,ON alpha,sOn-a,684.88,997.598,-14.4039,681.296,994.736,16.96
720575940552419601,ON alpha,sOn-a,413.941,718.675,-15.1511,410.224,717.664,11.76
720575940548748931,ON alpha,sOn-a,516.898,763.73,-14.3929,514.848,763.744,13.88
720575940545782515,ON alpha,sOn-a,231.412,354.095,-14.6995,227.536,346.96,43.32
720575940557513165,ON alpha,sOn-a,923.082,419.492,-13.7616,920.544,412.512,29.88
720575940562995966,ON alpha,sOn-a,1047.94,688.742,-14.0105,1050.304,687.408,21.88
720575940563079403,ON alpha,sOn-a,401.159,999.847,-13.4997,394.48,996.608,23.04
720575940563600621,ON alpha,sOn-a,376.672,567.865,-16.4272,378.96,556.768,13.28
720575940576344591,ON alpha,sOn-a,979.28,619.329,-14.4286,982.432,608.08,19.48
720575940576319869,ON alpha,sOn-a,696.952,163.637,-17.8335,697.104,160.88,58.44
720575940575451641,ON alpha,sOn-a,186.32,764.459,-16.1203,189.984,763.232,16.52
720575940575166292,ON alpha,sOn-a,621.445,499.045,-15.1196,616.304,495.008,19.88
720575940574101792,ON alpha,sOn-a,550.911,632.169,-14.2713,553.664,626.704,11.08
720575940574036285,ON alpha,sOn-a,270.696,1012.29,-14.7132,263.792,1001.376,29.92
720575940573960004,ON alpha,sOn-a,190.343,687.259,-14.385,187.024,685.552,17.32
720575940572157287,ON alpha,sOn-a,839.071,264.034,-17.7217,835.264,268.096,46.12
720575940571659825,ON alpha,sOn-a,987.662,1001.81,-12.178,987.84,1001.024,29.8
720575940571368222,ON alpha,sOn-a,375.191,891.631,-15.0767,371.536,893.456,11.0
720575940571019529,ON alpha,sOn-a,109.906,965.699,-16.1649,106.336,962.784,45.16
720575940570729009,ON alpha,sOn-a,576.038,546.278,-15.7393,574.192,540.816,17.12
720575940570671646,ON alpha,sOn-a,94.6004,817.735,-13.7137,94.048,818.448,37.12
720575940570229534,ON alpha,sOn-a,788.738,711.032,-14.7408,787.088,705.184,22.52
720575940570083102,ON alpha,sOn-a,276.731,530.525,-16.1375,271.104,526.848,16.48
720575940569861185,ON alpha,sOn-a,829.742,335.915,-14.7044,827.856,336.864,36.76
720575940568711830,ON alpha,sOn-a,964.714,698.848,-12.7691,964.864,697.344,21.48
720575940563641563,ON alpha,sOn-a,604.195,408.092,-13.6456,604.096,406.768,22.04
720575940563898753,ON alpha,sOn-a,228.921,609.143,-13.6448,222.864,607.536,14.72
720575940563980102,ON alpha,sOn-a,132.611,684.967,-13.6706,128.544,681.568,27.28
720575940564021817,ON alpha,sOn-a,904.472,716.542,-14.0205,901.36,716.176,18.44
720575940564992221,ON alpha,sOn-a,818.529,939.982,-13.6659,811.344,937.984,14.52
720575940565432686,ON alpha,sOn-a,395.939,488.684,-16.1293,392.56,483.936,14.16
720575940577539644,ON alpha,sOn-a,175.083,583.662,-15.5417,171.344,580.304,25.32
720575940565999465,ON alpha,sOn-a,712.053,755.189,-13.3412,710.352,751.6,20.96
720575940566433637,ON alpha,sOn-a,568.68,849.355,-15.3946,570.32,855.488,11.76
720575940567009897,ON alpha,sOn-a,764.459,544.723,-15.0348,762.544,543.488,22.72
720575940567539831,ON alpha,sOn-a,385.801,802.965,-16.3715,384.656,804.832,5.04
720575940567789197,ON alpha,sOn-a,430.28,639.981,-14.1848,426.32,634.336,11.84
720575940568070151,ON alpha,sOn-a,421.057,878.639,-13.3371,417.296,883.152,4.64
720575940568456376,ON alpha,sOn-a,703.82,437.905,-14.8915,701.28,432.432,24.28
720575940566160130,ON alpha,sOn-a,586.14,122.141,-18.9814,587.664,119.264,62.44
720575940588080020,ON alpha,sOn-a,682.957,840.054,-14.7224,683.232,835.136,18.44
