cell,celltype_final,soma_x_um,soma_y_um,soma_z_um
720575940572122527,GluMI,663.882,567.235,33.2812
720575940552332286,GluMI,728.848,623.689,33.9615
720575940568760607,GluMI,651.72,578.83,33.8199
720575940555941442,GluMI,696.624,530.904,31.5699
720575940569997970,GluMI,761.194,578.321,35.8949
720575940550983063,GluMI,658.593,627.099,32.6318
720575940556602317,GluMI,669.775,613.809,35.0149
720575940553631027,GluMI,707.938,544.587,30.383
720575940569219617,GluMI,715.115,583.107,34.9387
720575940574397654,GluMI,708.636,641.496,33.1254
720575940549544148,GluMI,674.859,597.974,35.0765
720575940556167639,GluMI,728.442,580.559,35.7305
720575940568993960,GluMI,729.182,602.144,29.7047
720575940577852882,GluMI,678.801,660.999,31.2248
720575940549176776,GluMI,680.28,606.031,33.4426
720575940573799071,GluMI,694.374,649.647,34.3905
720575940559490756,GluMI,624.099,611.924,34.3025
720575940565681922,GluMI,680.366,575.507,33.1523
720575940577738025,GluMI,731.541,616.948,33.7622
720575940577719144,GluMI,726.207,566.306,30.6978
720575940564691700,GluMI,653.195,552.309,30.7186
720575940571967692,GluMI,694.703,617.058,31.7652
720575940563744593,GluMI,667.191,584.168,34.0688
720575940574937247,GluMI,707.664,668.992,36.5262
720575940552031603,GluMI,637.356,621.862,27.5585
720575940577397036,GluMI,704.975,603.134,32.7586
720575940546413196,GluMI,713.186,615.737,32.5378
720575940569769761,RBC,688.864,587.166,35.6104
720575940569780257,RBC,693.403,563.263,30.9055
720575940556472535,RBC,698.019,571.847,31.979
720575940569780001,RBC,691.668,561.809,31.064
720575940569779233,RBC,698.429,548.25,31.4251
720575940556203518,RBC,710.941,614.69,32.4118
720575940556057815,RBC,672.268,589.683,34.0833
720575940556020183,RBC,683.498,539.706,30.4027
720575940570305057,RBC,694.028,616.909,31.7804
720575940570045217,RBC,678.988,579.061,33.875
720575940572068865,RBC,681.653,590.953,34.9455
720575940571949471,RBC,667.648,555.01,29.7015
720575940554999294,RBC,686.382,589.317,35.5441
720575940571533983,RBC,658.533,541.687,29.9907
720575940570372897,RBC,696.802,626.831,33.3485
720575940570358305,RBC,697.915,609.603,32.0423
720575940555236055,RBC,672.57,551.773,29.3493
720575940555237079,RBC,676.019,573.785,33.751
720575940570327841,RBC,691.301,603.679,33.6986
720575940570327585,RBC,684.269,617.253,34.1498
720575940555250903,RBC,686.19,569.313,31.746
720575940570321697,RBC,708.272,621.7,32.8496
720575940555375063,RBC,693.277,590.429,35.824
720575940570315809,RBC,727.624,628.605,34.0599
720575940570299445,RBC,665.726,607.93,36.8363
720575940556018391,RBC,677.825,559.589,30.8062
720575940569750561,RBC,667.469,567.045,32.8517
720575940587576061,RBC,683.611,540.406,30.1809
720575940569369121,RBC,664.307,545.39,29.3581
720575940557638962,RBC,697.964,677.568,36.2595
720575940567828897,RBC,702.092,679.749,37.4516
720575940558220168,RBC,651.884,579.338,35.3907
720575940558603400,RBC,639.779,596.951,36.5569
720575940558644066,RBC,649.988,559.95,31.4375
720575940558711688,RBC,626.637,582.624,35.2805
720575940566652937,RBC,659.325,547.676,29.3275
720575940566524701,RBC,624.398,587.672,33.9192
720575940565191588,RBC,688.944,610.461,32.3985
720575940560650587,RBC,693.526,541.999,29.7423
720575940564286140,RBC,705.217,553.243,31.2329
720575940561423300,RBC,654.431,588.979,35.3534
720575940561539524,RBC,632.096,612.611,36.6648
720575940586502909,RBC,672.073,527.213,31.4834
720575940561671620,RBC,632.536,598.885,36.442
720575940557579426,RBC,684.478,548.468,30.2192
720575940569371937,RBC,674.641,540.486,29.9818
720575940567927305,RBC,657.693,614.317,36.6077
720575940568113929,RBC,673.133,653.024,34.1852
720575940556762327,RBC,694.653,563.493,28.8216
720575940554549810,RBC,682.186,587.478,34.6154
720575940556897495,RBC,724.255,640.247,33.5702
720575940556900311,RBC,712.231,633.6,33.1652
720575940569216374,RBC,701.552,611.654,31.9548
720575940569085473,RBC,729.293,598.024,34.9875
720575940569065249,RBC,708.143,598.409,33.2368
720575940556994263,RBC,674.357,603.216,35.7088
720575940569047073,RBC,694.306,574.576,33.0418
720575940569043745,RBC,694.729,569.26,31.9392
720575940556998103,RBC,692.295,602.681,34.0249
720575940557058210,RBC,669.156,629.138,35.3767
720575940568681249,RBC,672.935,591.48,34.2857
720575940568623625,RBC,682.671,661.511,33.2475
720575940568145417,RBC,693.487,650.728,34.2964
720575940567973662,RBC,689.341,664.65,33.2686
720575940556819415,RBC,687.285,623.13,34.5234
720575940569873441,RBC,738.557,591.542,35.4745
720575940577893694,RBC,647.386,611.554,36.8852
720575940553651198,RBC,734.503,610.017,34.1462
720575940554483198,RBC,684.27,567.131,31.8555
720575940553875966,RBC,692.327,553.47,30.9808
720575940549871511,RBC,668.104,580.087,33.7284
720575940580656446,RBC,640.92,589.2,36.3785
720575940549920663,RBC,664.826,590.983,34.9513
720575940550401110,RBC,643.185,572.693,34.381
720575940573499387,RBC,674.556,514.896,31.335
720575940547308439,RBC,664.545,584.148,33.7259
720575940574810104,RBC,701.159,657.131,34.2855
720575940547307159,RBC,656.445,564.123,33.2811
720575940552238386,RBC,705.388,650.933,34.695
720575940553651454,RBC,749.796,609.639,33.4689
720575940552086578,RBC,706.355,553.983,32.2265
720575940552096050,RBC,709.355,555.677,32.6821
720575940553651966,RBC,741.936,605.661,34.5488
720575940577848786,RBC,672.891,551.201,29.3619
720575940572897439,RBC,659.53,601.126,36.4728
720575940554204414,RBC,685.39,550.721,30.3515
720575940551645335,RBC,664.204,590.893,34.9539
720575940551644823,RBC,660.838,571.897,34.126
720575940579649598,RBC,653.861,553.382,30.6805
720575940577863486,RBC,655.148,564.152,33.3017
720575940554458162,RBC,675.749,586.516,33.9261
720575940577868862,RBC,647.02,552.749,30.79
720575940554460466,RBC,680.739,579.642,34.0369
720575940551092194,XBC,767.422,581.893,35.2034
720575940558252359,XBC,733.448,578.807,35.4958
720575940567497291,XBC,707.647,597.846,33.4839
720575940552408771,XBC,652.498,613.712,35.2817
720575940556630575,XBC,646.606,571.661,34.6824
720575940580285365,XBC,727.239,607.548,33.3019
720575940556857063,XBC,677.834,651.204,34.2342
720575940552114994,XBC,763.222,596.04,33.6739
720575940556999158,XBC,682.501,625.133,36.1316
720575940568992424,XBC,662.716,599.309,36.3167
720575940550937952,XBC,750.238,576.193,36.1957
720575940558629730,XBC,609.098,613.773,32.9726
720575940548532887,XBC,679.808,579.2,33.9897
720575940563600183,XBC,689.915,587.516,35.5557
720575940573929545,XBC,696.668,556.254,31.5591
720575940559412275,t1,648.259,588.36,35.0212
720575940574544543,t1,661.729,588.766,34.8618
720575940561580484,t1,636.924,606.474,36.5577
720575940570358049,t1,671.777,603.466,35.9375
720575940561139377,t1,689.707,535.98,29.1932
720575940568211977,t1,700.835,652.418,34.5956
720575940556174295,t1,720.229,558.556,31.5916
720575940566356644,t1,675.642,515.126,31.311
720575940569775137,t1,676.771,563.717,31.9869
720575940556301930,t1,672.24,561.914,31.5478
720575940579746366,t1,616.069,597.573,33.684
720575940569774625,t1,676.158,577.256,33.7555
720575940561556676,t1,624.824,586.385,35.125
720575940575454077,t1,687.057,654.26,33.7682
720575940564026871,t1,745.405,566.013,34.294
720575940569304097,t1,714.355,553.558,32.676
720575940556811170,t1,756.589,591.82,33.5378
720575940564882913,t1,709.998,621.833,32.9261
720575940571589044,t1,651.987,579.574,34.6294
720575940565765129,t1,664.637,642.596,35.379
720575940563003415,t1,656.608,544.325,29.7656
720575940554549847,t1,618.629,627.47,35.4062
720575940552954674,t1,698.896,674.988,35.7202
720575940558842461,t1,631.961,569.938,33.8657
720575940566582892,t1,709.729,558.266,29.1138
720575940574543039,t1,737.138,586.416,35.0609
720575940554590462,t1,686.779,588.834,35.5381
720575940559491012,t1,636.365,587.128,36.5025
720575940556999145,t1,699.612,606.811,31.703
720575940569912097,t1,679.17,617.769,35.5708
720575940567161630,t1,766.402,581.211,35.5407
720575940558289032,t1,644.176,637.891,34.5996
720575940570352673,t1,743.602,587.611,34.5171
720575940559561802,t1,656.372,647.491,35.1916
720575940571828121,t1,685.33,533.307,30.3255
720575940550613307,t2,690.026,651.155,34.2557
720575940561570756,t2,646.713,554.277,30.0307
720575940563372345,t2,727.74,576.082,35.6885
720575940561594564,t2,643.794,622.388,34.9405
720575940561580228,t2,631.488,618.152,35.618
720575940561580740,t2,619.652,606.486,35.8351
720575940564337565,t2,695.386,570.76,31.6306
720575940568654881,t2,736.428,619.172,34.2253
720575940566467614,t2,751.139,597.133,33.5616
720575940548573335,t2,669.717,598.454,35.4993
720575940558814886,t2,689.309,562.921,30.938
720575940558772794,t2,684.981,600.673,34.6418
720575940581604990,t2,687.855,527.729,30.6151
720575940566704414,t2,685.194,615.99,33.8908
720575940566938398,t2,757.617,591.153,33.4908
720575940585366806,t2,712.172,656.655,35.5197
720575940557695463,t2,736.048,570.369,34.0946
720575940567926281,t2,657.034,630.028,27.3166
720575940561205276,t2,754.592,604.844,30.2699
720575940561498564,t2,642.524,611.754,36.6756
720575940557234850,t2,700.437,621.599,32.4964
720575940557223266,t2,656.337,626.337,35.5557
720575940568635425,t2,724.807,588.647,35.883
720575940568639265,t2,707.764,598.637,33.183
720575940557582498,t2,731.448,603.606,34.2157
720575940572666265,t2,703.303,524.237,30.9008
720575940550981271,t2,665.914,618.257,35.8975
720575940555740158,t2,684.466,632.352,36.009
720575940574543295,t2,706.302,589.12,34.4715
720575940553817342,t2,723.25,596.291,34.5731
720575940569828126,t2,667.84,580.797,33.5185
720575940555355902,t2,733.954,609.885,34.0668
720575940552834650,t2,725.307,586.478,35.8664
720575940570727340,t2,663.445,572.431,33.9319
720575940555410174,t2,696.653,627.66,33.5891
720575940552251921,t2,644.748,589.493,36.1184
720575940555461906,t2,657.652,647.191,33.0288
720575940571256350,t2,675.688,658.185,32.9276
720575940555133694,t2,724.961,563.955,33.4502
720575940570357793,t2,675.05,613.24,36.3302
720575940556194814,t2,740.112,580.787,36.099
720575940571753631,t2,659.773,553.968,30.2427
720575940571754655,t2,659.245,553.166,29.988
720575940556907223,t2,710.428,615.084,32.4389
720575940569930017,t2,673.178,645.335,34.9118
720575940577853394,t2,666.804,539.053,24.8943
720575940556251095,t2,685.603,596.043,35.1772
720575940577424217,t2,665.233,524.181,31.8005
720575940555932826,t2,696.864,557.164,31.6507
720575940569912353,t2,680.187,638.659,35.1683
720575940569586510,t2,761.861,586.518,33.3989
720575940554995182,t2,634.056,576.063,34.9393
720575940571801241,t2,672.05,527.853,31.3731
720575940569280363,t2,693.452,600.661,34.5914
720575940574535071,t3a,657.344,602.657,34.6359
720575940566704158,t3a,688.72,615.719,32.6194
720575940574308255,t3a,674.44,539.737,30.2132
720575940582552829,t3a,686.095,533.082,30.518
720575940570299425,t3a,692.381,618.064,31.7882
720575940578356740,t3a,676.759,630.486,35.2777
720575940566057481,t3a,662.07,613.061,36.4432
720575940583897390,t3a,693.614,658.917,31.1401
720575940565582557,t3a,751.327,573.55,35.6377
720575940555231703,t3a,685.816,551.306,30.3957
720575940561098332,t3a,732.011,596.484,35.4268
720575940570894361,t3a,658.912,647.727,35.2773
720575940555142142,t3a,679.595,578.294,33.9655
720575940585161427,t3a,715.308,552.122,29.6523
720575940571811225,t3a,673.92,540.422,30.0947
720575940573210144,t3a,632.073,597.831,36.436
720575940572655519,t3a,661.12,531.929,31.1903
720575940541656952,t3a,713.738,595.158,32.1713
720575940562947242,t3a,706.062,588.522,33.8238
720575940570355745,t3a,671.403,614.982,36.1582
720575940573588415,t3a,667.038,554.997,29.6928
720575940555473426,t3a,754.992,606.173,33.5086
720575940549702114,t3a,724.832,619.966,30.5236
720575940567874289,t3a,735.893,562.762,33.6593
720575940552314418,t3a,746.222,585.818,34.9716
720575940549156040,t3a,723.101,641.094,33.5567
720575940575556603,t3a,680.254,554.103,30.0944
720575940550573115,t3a,688.379,641.182,35.0749
720575940558226312,t3a,643.918,580.605,35.3943
720575940556084990,t3a,685.214,601.336,34.2403
720575940556999586,t3a,759.62,594.069,33.3921
720575940568325129,t3a,715.603,643.167,33.6436
720575940558283912,t3a,630.158,611.294,35.4377
720575940580646206,t3a,640.869,574.395,34.7357
720575940567416326,t3a,655.126,590.445,35.6994
720575940578780618,t3a,693.01,541.672,31.2942
720575940567343372,t3a,735.013,609.612,34.3845
720575940562476727,t3a,675.149,586.531,33.9905
720575940550572091,t3a,667.802,646.123,32.9106
720575940549502103,t3a,682.124,660.681,33.1788
720575940558273769,t3a,725.715,578.964,36.0091
720575940557305140,t3a,698.211,582.722,33.7203
720575940571716511,t3b,654.31,574.011,34.9224
720575940585969405,t3b,667.618,528.204,31.7943
720575940566746515,t3b,667.382,555.05,28.8227
720575940569773857,t3b,672.919,574.21,33.6924
720575940569599521,t3b,697.446,556.391,31.4983
720575940586082813,t3b,681.324,527.311,30.5212
720575940573297409,t3b,620.058,588.329,33.5419
720575940569248875,t3b,687.653,569.493,31.9375
720575940569247009,t3b,692.432,590.902,35.7813
720575940562592729,t3b,729.039,559.415,32.1998
720575940575071647,t3b,675.828,657.593,33.6297
720575940573349279,t3b,678.536,640.291,35.2422
720575940574567741,t3b,694.903,667.69,33.5422
720575940564535200,t3b,675.33,625.074,34.6396
720575940566862814,t3b,620.009,615.522,36.5558
720575940569861197,t3b,675.653,587.635,32.3215
720575940574511007,t3b,669.082,590.392,34.5039
720575940569860429,t3b,702.325,603.29,31.5916
720575940570336545,t3b,764.808,579.141,35.915
720575940566149025,t3b,667.127,565.839,32.6769
720575940574568765,t3b,703.089,646.199,34.6651
720575940566092663,t3b,644.899,579.215,32.783
720575940567869537,t3b,686.066,601.479,33.0229
720575940565550813,t3b,659.127,557.035,29.3255
720575940583933230,t3b,721.97,649.844,33.5854
720575940585144019,t3b,731.479,596.139,35.466
720575940569780769,t3b,683.651,540.056,30.4564
720575940570472225,t3b,742.107,561.768,32.7236
720575940567604914,t3b,652.331,627.076,32.7437
720575940562299371,t3b,712.738,595.958,32.6141
720575940563512134,t3b,709.325,643.797,34.1028
720575940561995693,t3b,724.448,620.897,33.479
720575940550950496,t3b,658.89,553.115,29.4937
720575940559536477,t3b,713.154,571.977,32.5424
720575940552228146,t3b,719.746,616.247,32.8774
720575940558832216,t3b,742.586,605.764,34.5142
720575940558641506,t3b,737.748,577.682,34.3501
720575940554126846,t3b,679.095,601.732,34.8635
720575940558306696,t3b,635.155,622.009,35.9698
720575940554553394,t3b,701.45,583.503,34.3187
720575940557995011,t3b,710.539,578.152,33.7673
720575940557545007,t3b,674.491,541.056,30.0533
720575940555172567,t3b,723.507,586.604,35.2223
720575940557486204,t3b,662.391,612.712,36.4197
720575940557144994,t3b,677.399,632.62,35.8145
720575940556995799,t3b,696.288,616.0,31.3888
720575940555409918,t3b,692.103,628.923,34.5712
720575940555462418,t3b,688.296,645.342,34.1432
720575940556932258,t3b,741.655,619.627,34.1227
720575940556904072,t3b,641.033,587.693,35.5639
720575940556820183,t3b,674.929,615.4,36.5492
720575940556163031,t3b,734.068,575.159,35.7052
720575940556603363,t3b,748.708,602.938,33.9496
720575940556601827,t3b,678.702,651.479,32.6471
720575940556584419,t3b,651.751,643.707,33.7512
720575940560499902,t3b,686.186,590.505,35.5847
720575940550880919,t3b,658.509,605.863,36.867
720575940558232200,t3b,652.661,569.536,34.4233
720575940561599138,t3b,744.238,598.837,33.1951
720575940546528908,t3b,635.207,606.003,36.5701
720575940561594018,t3b,613.605,600.357,33.5539
720575940549025687,t3b,661.208,531.301,31.3222
720575940552313906,t4,756.932,581.562,35.6192
720575940569922593,t4,702.561,602.32,33.247
720575940555211991,t4,722.487,606.08,32.7074
720575940558588514,t4,698.989,638.845,34.2981
720575940553868312,t4,683.631,625.59,36.0395
720575940570319137,t4,714.725,606.21,31.9558
720575940558385800,t4,653.403,569.421,34.3648
720575940568965982,t4,696.155,530.389,31.3757
720575940556582883,t4,721.916,649.778,31.5388
720575940585161171,t4,716.669,552.422,31.4772
720575940568678689,t4,672.29,574.86,33.7309
720575940554721062,t4,702.39,676.009,34.6219
720575940557545122,t4,707.622,571.921,33.3423
720575940557163267,t4,652.576,632.612,35.4028
720575940567941810,t4,643.626,609.11,33.8482
720575940583890990,t4,657.525,648.338,34.9365
720575940568459085,t4,663.895,589.969,34.8292
720575940570358561,t4,698.553,609.687,31.8707
720575940558773306,t4,697.223,596.568,33.2417
720575940564184104,t4,667.882,647.001,32.7783
720575940555076606,t4,729.031,627.458,34.059
720575940564281755,t4,729.349,597.147,34.1386
720575940551376456,t4,630.361,585.612,36.2158
720575940550788576,t4,649.823,612.908,35.9922
720575940574592317,t4,699.79,651.154,33.0776
720575940564270780,t4,611.163,610.91,31.3681
720575940566500617,t4,671.27,574.565,33.5186
720575940559796764,t4,675.038,603.146,35.4191
720575940566498078,t4,752.608,595.879,32.6043
720575940541698936,t4,735.865,560.285,33.5473
720575940577019196,t4,688.841,570.367,31.9053
720575940578215977,t4,732.683,551.259,33.3921
720575940569590350,t4,717.213,572.045,32.5987
720575940578421566,t4,637.704,561.361,32.6398
720575940551686081,t4,703.798,562.31,32.5367
720575940556090878,t5i,717.171,641.192,33.4664
720575940555745534,t5i,708.981,621.968,32.8038
720575940555244247,t5i,677.74,542.571,29.9302
720575940568621389,t5i,689.185,535.771,30.969
720575940555239918,t5i,635.852,613.848,36.4997
720575940561806509,t5i,639.182,575.626,34.9335
720575940570357537,t5i,703.791,635.67,33.366
720575940555244503,t5i,679.728,553.51,29.9823
720575940570334497,t5i,757.22,574.56,35.9487
720575940570328097,t5i,700.534,622.253,32.5597
720575940585356310,t5i,735.301,592.995,35.3375
720575940568724986,t5i,713.194,592.118,34.3159
720575940569778721,t5i,692.649,553.922,31.0139
720575940569811265,t5i,625.774,619.185,36.4045
720575940555309783,t5i,686.419,589.921,35.5745
720575940569215777,t5i,695.147,587.14,35.3501
720575940569187361,t5i,732.012,559.649,31.8236
720575940556994775,t5i,670.437,643.741,35.0529
720575940569915937,t5i,681.021,638.449,35.4281
720575940569131041,t5i,673.735,591.009,34.3871
720575940556947106,t5i,734.685,608.629,34.333
720575940569829665,t5i,744.308,578.841,35.1065
720575940570334241,t5i,739.982,581.622,35.9265
720575940557335310,t5i,669.013,581.323,33.7908
720575940555170558,t5i,724.64,562.671,33.3661
720575940568177671,t5i,690.177,629.752,35.0593
720575940574039199,t5i,668.003,566.374,32.7133
720575940574049784,t5i,654.722,605.456,32.8525
720575940541814392,t5i,714.311,541.938,32.7387
720575940566749587,t5i,673.279,552.459,29.5534
720575940552963653,t5i,717.308,573.072,34.2764
720575940564032737,t5i,686.292,653.768,33.7574
720575940566986485,t5i,647.694,621.166,36.1733
720575940556523223,t5i,688.805,569.787,31.8594
720575940558832984,t5i,619.849,600.001,34.8541
720575940575595901,t5i,663.134,597.66,35.9161
720575940551919922,t5i,743.925,598.583,34.3849
720575940569768481,t5i,696.741,579.255,33.9273
720575940561331114,t5i,671.192,612.839,36.7928
720575940578594506,t5i,668.223,628.963,35.3289
720575940552245887,t5i,694.578,657.496,33.1829
720575940555174398,t5i,678.371,560.51,31.0883
720575940554070526,t5i,684.17,540.358,30.4477
720575940549016983,t5i,657.949,552.535,30.1377
720575940547308951,t5i,656.059,581.207,34.1545
720575940569306657,t5i,706.961,555.093,32.45
720575940548179863,t5i,648.601,563.448,32.7359
720575940585931005,t5i,664.831,525.566,31.8167
720575940561253099,t5i,662.911,647.061,35.362
720575940567937458,t5i,658.161,637.909,35.0877
720575940582521646,t5i,736.446,626.273,34.7125
720575940555087614,t5i,736.027,618.364,33.9217
720575940571757471,t5i,653.865,543.804,29.5256
720575940583885102,t5i,699.67,670.274,32.9624
720575940558092346,t5i,665.74,612.198,36.6377
720575940563758143,t5i,662.962,646.354,35.2763
720575940554536958,t5i,729.732,595.865,35.3881
720575940562768723,t5i,706.016,566.746,32.5823
720575940585498902,t5i,636.91,597.828,36.556
720575940569772321,t5o,676.928,574.417,33.7911
720575940569682465,t5o,696.305,625.752,33.2019
720575940579134782,t5o,621.185,604.417,35.6799
720575940570454203,t5o,724.421,587.163,35.7455
720575940570691244,t5o,752.431,590.509,33.3942
720575940554554967,t5o,725.456,620.528,31.5025
720575940574501535,t5o,665.894,604.73,34.4297
720575940552247090,t5o,743.036,605.625,34.4167
720575940551891762,t5o,728.225,606.363,33.5751
720575940578262873,t5o,660.702,531.188,31.3086
720575940550775959,t5o,646.573,551.894,30.8419
720575940578593994,t5o,731.604,560.798,33.6045
720575940555246551,t5o,684.812,539.975,30.3069
720575940569662902,t5o,702.609,636.282,33.1215
720575940555867095,t5o,680.639,617.309,34.4231
720575940558286216,t5o,638.172,610.227,35.9778
720575940561528260,t5o,645.023,558.459,31.8432
720575940568630544,t5o,639.648,631.789,35.9817
720575940562982423,t5o,705.915,546.183,32.225
720575940558627426,t5o,663.209,629.499,35.2251
720575940556617687,t5o,685.118,567.917,31.877
720575940568534349,t5o,693.173,575.856,33.3337
720575940569057569,t5o,677.656,542.951,30.0182
720575940557157847,t5o,709.631,615.181,32.3149
720575940564880137,t5o,658.765,594.534,35.8231
720575940558399624,t5o,640.924,566.66,33.6861
720575940567051509,t5o,651.767,576.979,35.2848
720575940568980746,t5o,752.06,599.878,32.7749
720575940568855841,t5t,688.748,593.203,35.7986
720575940554267390,t5t,710.423,544.671,32.5917
720575940570346785,t5t,751.118,579.368,36.021
720575940559572059,t5t,728.044,557.987,31.3415
720575940555244759,t5t,684.661,548.161,30.1931
720575940577366361,t5t,678.256,532.739,30.2203
720575940576726202,t5t,694.169,654.994,33.9679
720575940568361042,t5t,740.763,601.055,34.7549
720575940551511489,t5t,712.681,581.864,34.6619
720575940557509847,t5t,646.116,630.903,35.8083
720575940576720917,t5t,694.291,568.434,31.8597
720575940576550318,t5t,669.557,631.483,35.274
720575940568016649,t5t,717.708,640.996,33.5558
720575940571362271,t5t,681.848,660.625,31.7834
720575940555090430,t5t,714.196,606.668,31.8785
720575940553647870,t5t,738.684,612.688,34.2592
720575940574043295,t5t,682.179,572.599,33.2091
720575940566799672,t5t,716.896,626.905,33.4521
720575940567855201,t5t,666.881,598.963,35.8645
720575940554212350,t5t,705.339,587.651,34.4743
720575940577347390,t5t,646.472,591.015,31.9789
720575940559977011,t5t,615.636,579.16,32.6021
720575940551571115,t5t,660.281,612.06,31.6933
720575940556062250,t5t,607.69,613.433,34.1621
720575940556525527,t5t,684.662,551.326,30.1365
720575940578396164,t5t,658.655,541.088,29.4832
720575940564720365,t5t,648.285,568.459,34.2534
720575940556692527,t5t,765.556,586.432,35.3184
720575940545203797,t5t,620.488,610.843,34.9716
720575940548191127,t5t,653.074,640.651,33.2862
720575940569442411,t5t,652.499,545.792,29.9202
720575940585602813,t5t,675.878,516.032,31.2912
720575940585558838,t5t,701.658,612.282,31.7163
720575940555824087,t5t,732.073,583.064,36.5884
720575940563967201,t5t,662.407,572.203,34.0108
720575940563292991,t6,693.135,541.888,30.9694
720575940566639390,t6,744.225,599.313,34.4273
720575940566746633,t6,663.333,620.93,35.3959
720575940561844158,t6,723.045,640.696,33.5767
720575940553692835,t6,718.822,627.192,33.4289
720575940574392556,t6,708.255,555.646,31.4744
720575940562527486,t6,668.097,528.748,31.6716
720575940553876478,t6,691.886,562.067,31.1174
720575940573595039,t6,655.715,563.85,33.2233
720575940561854142,t6,629.977,609.864,36.6868
720575940562437559,t6,679.792,543.104,29.8805
720575940574787832,t6,701.651,664.212,33.7976
720575940552219442,t6,703.301,645.557,34.6141
720575940560083121,t6,717.181,572.59,34.1929
720575940552083250,t6,704.816,552.78,32.2616
720575940560200369,t6,724.362,619.7,33.2379
720575940561072580,t6,648.866,594.02,36.1226
720575940578371588,t6,686.952,655.1,32.219
720575940561201948,t6,648.562,635.752,35.5645
720575940551678359,t6,694.85,658.021,33.4451
720575940551734935,t6,710.393,659.739,35.8187
720575940564437303,t6,619.333,589.682,31.1851
720575940577471321,t6,673.652,539.759,30.2732
720575940550656736,t6,731.33,620.047,33.9073
720575940580639806,t6,647.396,581.318,35.4894
720575940549929367,t6,672.343,590.758,34.358
720575940561539780,t6,635.028,617.693,36.2657
720575940563677759,t6,638.407,580.893,35.7178
720575940563677265,t6,754.137,606.323,33.3343
720575940561569988,t6,643.317,571.918,34.5584
720575940576697786,t6,730.977,640.651,34.3503
720575940577902169,t6,688.304,528.624,30.7292
720575940552216626,t6,709.91,637.737,33.4838
720575940569574689,t6,673.515,591.291,34.4192
720575940540680568,t6,737.596,627.538,34.7786
720575940569091873,t6,713.613,590.945,34.1995
720575940557057698,t6,679.433,632.518,35.7986
720575940555141886,t6,689.372,587.055,35.5928
720575940569916193,t6,700.178,610.434,31.622
720575940555147262,t6,705.68,567.266,32.8215
720575940569920289,t6,684.742,625.633,35.8307
720575940555740926,t6,717.596,617.488,32.9132
720575940555472402,t6,704.228,651.799,33.8001
720575940570045473,t6,686.689,578.002,33.8948
720575940555137790,t6,715.898,571.633,33.8786
720575940556994519,t6,683.512,614.729,34.2734
720575940569003297,t6,728.394,553.357,33.3082
720575940568107529,t6,712.705,650.483,34.7158
720575940555174142,t6,677.326,559.539,30.9394
720575940570304545,t6,676.631,642.687,34.7894
720575940556995031,t6,698.273,637.836,34.4492
720575940570326049,t6,675.885,624.996,36.2793
720575940572190879,t6,661.19,640.005,35.3693
720575940570335777,t6,758.695,578.032,35.9687
720575940570467873,t6,745.098,572.194,35.3637
720575940567927561,t6,652.153,614.565,36.6939
720575940557157079,t6,689.414,643.204,34.8275
720575940571748255,t6,659.536,573.47,34.2612
720575940557579682,t6,684.91,551.644,30.3159
720575940569779489,t6,697.87,548.908,31.2512
720575940558214280,t6,629.794,623.642,36.2489
720575940556061694,t6,746.135,579.944,35.9096
720575940555002366,t6,685.702,601.006,34.3763
720575940569241997,t6,687.037,654.626,33.8202
720575940571955359,t6,652.593,609.233,37.0117
720575940556510423,t6,732.217,603.65,34.3831
720575940569371681,t6,671.608,561.333,31.3852
720575940569092385,t6,723.822,595.322,34.6849
720575940557577352,t6,636.15,585.89,36.4743
720575940567924745,t6,655.433,628.477,35.4264
720575940555408638,t7,693.098,628.015,34.1599
720575940556204286,t7,710.564,615.406,32.4567
720575940569500449,t7,702.274,602.667,33.1548
720575940569699766,t7,639.689,632.327,34.9988
720575940555408382,t7,683.911,632.601,36.0188
720575940570298043,t7,722.168,628.367,33.7115
720575940555746302,t7,722.134,607.355,32.5729
720575940561582532,t7,624.197,613.021,36.8385
720575940555745278,t7,714.098,627.518,33.2942
720575940564553858,t7,675.286,514.756,30.9489
720575940556943778,t7,738.581,612.848,34.4548
720575940556019927,t7,685.122,547.81,30.2229
720575940550579095,t7,705.196,651.281,34.7697
720575940555883479,t7,680.998,604.166,34.585
720575940549894039,t7,665.908,576.018,33.735
720575940564917769,t7,666.437,608.476,36.8371
720575940572227487,t7,660.828,642.14,33.0831
720575940559691141,t7,716.626,571.66,33.8739
720575940552324914,t7,764.341,581.022,35.7681
720575940552271317,t7,694.149,657.154,33.6366
720575940551733143,t7,705.202,663.53,35.1579
720575940552870746,t7,651.987,618.186,36.5139
720575940566776417,t7,754.331,606.83,33.2866
720575940566783329,t7,746.312,629.523,34.3488
720575940555035390,t7,713.612,589.96,34.4122
720575940566703134,t7,702.416,635.084,33.7503
720575940574015647,t7,672.066,561.287,31.3032
720575940553876734,t7,704.3,538.797,31.8326
720575940569642166,t7,699.962,680.753,37.4562
720575940554550834,t7,682.85,572.948,32.1086
720575940554482686,t7,692.66,562.342,31.2194
720575940554529278,t7,728.017,606.991,33.3209
720575940554543614,t7,744.983,593.7,34.2125
720575940573601439,t7,646.392,552.858,30.8633
720575940568075636,t7,655.488,599.345,36.362
720575940567153438,t7,748.391,579.853,35.92
720575940559002517,t7,633.179,592.516,36.5716
720575940577480025,t7,678.54,531.043,30.5334
720575940555234519,t7,704.685,566.698,32.575
720575940566586910,t7,758.282,603.15,33.4807
720575940568080903,t7,698.1,532.732,31.5649
720575940575357565,t7,716.769,553.436,32.8476
720575940559270243,t7,668.541,629.622,35.3293
720575940575282129,t7,688.975,643.952,34.6492
720575940565947215,t8,761.079,592.643,31.9896
720575940575347705,t8,713.975,592.773,34.2415
720575940562266347,t8,696.948,669.621,32.9465
720575940553795352,t8,668.482,631.349,35.2057
720575940578674890,t8,694.567,581.071,34.4708
720575940556977818,t8,753.737,604.568,32.0345
720575940569704630,t8,744.165,600.358,34.447
720575940570467381,t8,701.286,655.887,34.3173
720575940561334442,t8,686.097,619.347,34.2405
720575940559435723,t8,716.054,557.885,32.8932
720575940570474037,t8,694.262,642.354,34.7214
720575940556498479,t8,659.745,555.381,30.5001
720575940568373364,t8,647.719,576.281,35.1426
720575940557299343,t9,688.153,641.704,34.9399
720575940582521134,t9,666.862,606.405,36.6512
720575940554927342,t9,692.258,581.833,34.528
720575940564873697,t9,634.402,627.721,36.0014
720575940572873533,t9,694.843,574.832,33.003
720575940557344655,t9,710.46,632.548,33.0017
